{
  "results": [
    {
      "command": "zokrates setup",
      "mean": 2.3759992144,
      "stddev": 0.025214175543816345,
      "median": 2.3630002308,
      "user": 7.83560916,
      "system": 0.27173463999999997,
      "min": 2.3585375638,
      "max": 2.4192899398,
      "times": [
        2.4192899398,
        2.3630002308,
        2.3620760648,
        2.3585375638,
        2.3770922728
      ],
      "exit_codes": [
        0,
        0,
        0,
        0,
        0
      ]
    }
  ]
}
