{
  "results": [
    {
      "command": "zokrates generate-proof",
      "mean": 2.2073744566,
      "stddev": 0.11629312120317262,
      "median": 2.163648382,
      "user": 5.9788911,
      "system": 0.30294676,
      "min": 2.140686965,
      "max": 2.414660923,
      "times": [
        2.16515534,
        2.140686965,
        2.163648382,
        2.152720673,
        2.414660923
      ],
      "exit_codes": [
        0,
        0,
        0,
        0,
        0
      ]
    }
  ]
}
