{
  "results": [
    {
      "command": "zokrates compute-witness -a 3697026603744776860257388740776136268898199821934756046074784145149692832992 13364467040877378661882946489652672263278923250515434007590298900477661458480 4076507302008794980516877019668947419186151391281488322824772538552913573041 14516074356687482698875246148670380110551642657423173707414013761417774346063 13586767835527805511117784482417136334810082782180048428319204998830927203424 3814687126 4207057211 2301474087 1696421512 1054042432 4114589074 2402006685 2358319779 2636307903 771130895 3338794104 910337493 3941248527 2566242658 3403499691 2178970740 2780070436 59738663 1645461473 534297178 1910759638 3322112274 1297763356 629541565 38654257 3305789272 2153894818 222417624 3572959456 4252490776 2872080752 2967572678 1 0 0 0 0 0 0 0 0 0 2576817173 85244481 2596561856 2255375492 2794840420 1782105243 2233078322 224377663 2868205599 2537009619 1620830863 3872042866 3969069788 1888500782 3572146597 3847022253 2836095705 235016979 3924538583 2295676569 1346335958 4045419796 3885894217 2899768670 2662873574 2776819738 4169635575 215831002 2546324098 2868684311 1621128226 2970965221 2764362413 2154280342 2932117484 1459218082 2997336012 1549461915 101902398 2264250305 2930015840 2321511960 1470280671 155374319 2535829433 1029561825 2723201146 2038818870 280440794 2669576670 213771388 1616405657 2083766662 3260669584 1831970450 1710683843 2408855228 1079018165 2214813011 2125881869 799556152 241244772 2789497932 1981448089 2396270100 581138062 183963467 1786945471 909715492 3791725341 50298776 3912496056 2291351018 1747045928 583503599 3609069204 2296515330 3978121736 3936207279 4136468773",
      "mean": 1.4141360875200002,
      "stddev": 0.021759863882176184,
      "median": 1.40553160412,
      "user": 1.3493704199999998,
      "system": 0.0585489,
      "min": 1.3995239371200001,
      "max": 1.45257143712,
      "times": [
        1.45257143712,
        1.40910877112,
        1.3995239371200001,
        1.40553160412,
        1.40394468812
      ],
      "exit_codes": [
        0,
        0,
        0,
        0,
        0
      ]
    }
  ]
}
