{
  "results": [
    {
      "command": "zokrates verify",
      "mean": 0.00632966066,
      "stddev": 0.002263591629058387,
      "median": 0.005639752460000001,
      "user": 0.00382828,
      "system": 0.0013827599999999998,
      "min": 0.00498741846,
      "max": 0.010333419460000002,
      "times": [
        0.010333419460000002,
        0.0056932104600000005,
        0.004994502460000001,
        0.00498741846,
        0.005639752460000001
      ],
      "exit_codes": [
        0,
        0,
        0,
        0,
        0
      ]
    }
  ]
}
