{
  "results": [
    {
      "command": "zokrates verify",
      "mean": 0.005891415999999999,
      "stddev": 0.0010851553006739633,
      "median": 0.005299399599999999,
      "user": 0.0038012399999999996,
      "system": 0.00134922,
      "min": 0.0051888986,
      "max": 0.0077337325999999994,
      "times": [
        0.0077337325999999994,
        0.0051888986,
        0.005216232599999999,
        0.005299399599999999,
        0.006018816599999999
      ],
      "exit_codes": [
        0,
        0,
        0,
        0,
        0
      ]
    }
  ]
}
