{
  "results": [
    {
      "command": "zokrates generate-proof",
      "mean": 2.4466752035800003,
      "stddev": 0.012438697468037328,
      "median": 2.4440594953800003,
      "user": 6.90838302,
      "system": 0.33366357999999996,
      "min": 2.4341077453800004,
      "max": 2.46324924538,
      "times": [
        2.45542528638,
        2.46324924538,
        2.4341077453800004,
        2.4440594953800003,
        2.4365342453800003
      ],
      "exit_codes": [
        0,
        0,
        0,
        0,
        0
      ]
    }
  ]
}
