{
  "results": [
    {
      "command": "zokrates setup",
      "mean": 2.79448851336,
      "stddev": 0.06306252712536552,
      "median": 2.8055590553600003,
      "user": 9.70629226,
      "system": 0.3212521199999999,
      "min": 2.71527822136,
      "max": 2.86173859636,
      "times": [
        2.74499472136,
        2.8055590553600003,
        2.71527822136,
        2.86173859636,
        2.84487197236
      ],
      "exit_codes": [
        0,
        0,
        0,
        0,
        0
      ]
    }
  ]
}
