{
  "results": [
    {
      "command": "zokrates verify",
      "mean": 0.005393852300000002,
      "stddev": 0.00031590572925114873,
      "median": 0.005370485500000003,
      "user": 0.003936219999999999,
      "system": 0.0011058399999999999,
      "min": 0.005044777500000002,
      "max": 0.005766527500000002,
      "times": [
        0.005656318500000002,
        0.005370485500000003,
        0.005131152500000001,
        0.005044777500000002,
        0.005766527500000002
      ],
      "exit_codes": [
        0,
        0,
        0,
        0,
        0
      ]
    }
  ]
}
