{
  "results": [
    {
      "command": "zokrates setup",
      "mean": 3.10447981064,
      "stddev": 0.01295923804035004,
      "median": 3.10877154344,
      "user": 11.44348934,
      "system": 0.32796801999999997,
      "min": 3.08450279344,
      "max": 3.1184624194399997,
      "times": [
        3.1184624194399997,
        3.11068391944,
        3.10877154344,
        3.08450279344,
        3.09997837744
      ],
      "exit_codes": [
        0,
        0,
        0,
        0,
        0
      ]
    }
  ]
}
