{
  "results": [
    {
      "command": "zokrates generate-proof",
      "mean": 2.75745904326,
      "stddev": 0.011427099232838148,
      "median": 2.7537621016599996,
      "user": 7.808279880000001,
      "system": 0.36569173999999993,
      "min": 2.74537272666,
      "max": 2.77489101766,
      "times": [
        2.76198889366,
        2.74537272666,
        2.77489101766,
        2.7537621016599996,
        2.75128047666
      ],
      "exit_codes": [
        0,
        0,
        0,
        0,
        0
      ]
    }
  ]
}
